time,BTC
2021-11-14 06:00:00,65168.18
2021-11-14 07:00:00,64886.72
2021-11-14 08:00:00,64792.53
2021-11-14 09:00:00,64406.88
2021-11-14 10:00:00,64499.92
2021-11-14 11:00:00,64499.72
2021-11-14 12:00:00,64736.31
2021-11-14 13:00:00,64795.82
2021-11-14 14:00:00,64669.27
2021-11-14 15:00:00,64378.16
2021-11-14 16:00:00,64222.62
2021-11-14 17:00:00,64242.56
2021-11-14 18:00:00,64434.77
2021-11-14 19:00:00,64204.74
2021-11-14 20:00:00,64388.68
2021-11-14 21:00:00,64486.26
2021-11-14 22:00:00,64848.15
2021-11-14 23:00:00,65509.06
2021-11-15 00:00:00,66188.84
2021-11-15 01:00:00,65948.32
2021-11-15 02:00:00,65962.91
2021-11-15 03:00:00,65894.84
2021-11-15 04:00:00,65872.14
2021-11-15 05:00:00,65913.73
2021-11-15 06:00:00,65843.31
2021-11-15 07:00:00,65751.88
2021-11-15 08:00:00,65836.77
2021-11-15 09:00:00,66335.42
2021-11-15 10:00:00,66053.97
2021-11-15 11:00:00,65962.86
2021-11-15 12:00:00,65955.65
2021-11-15 13:00:00,65778.97
2021-11-15 14:00:00,65504.49
2021-11-15 15:00:00,64885.38
2021-11-15 16:00:00,64429.46
2021-11-15 17:00:00,64436.62
2021-11-15 18:00:00,64174.07
2021-11-15 19:00:00,64295.48
2021-11-15 20:00:00,64254.88
2021-11-15 21:00:00,64007.77
2021-11-15 22:00:00,64018.92
2021-11-15 23:00:00,63978.63
2021-11-16 00:00:00,63614.53
2021-11-16 01:00:00,62604.34
2021-11-16 02:00:00,62258.6
2021-11-16 03:00:00,61829.59
2021-11-16 04:00:00,61553.67
2021-11-16 05:00:00,61474.44
2021-11-16 06:00:00,61013.86
2021-11-16 07:00:00,61071.21
2021-11-16 08:00:00,61042.59
2021-11-16 09:00:00,61268.92
2021-11-16 10:00:00,60274.27
2021-11-16 11:00:00,60642.64
2021-11-16 12:00:00,60855.6
2021-11-16 13:00:00,60772.46
2021-11-16 14:00:00,61396.93
2021-11-16 15:00:00,61112.42
2021-11-16 16:00:00,60923.69
2021-11-16 17:00:00,60825.0
2021-11-16 18:00:00,60665.75
2021-11-16 19:00:00,60629.07
2021-11-16 20:00:00,60258.86
2021-11-16 21:00:00,60936.36
2021-11-16 22:00:00,61151.07
2021-11-16 23:00:00,60689.77
2021-11-17 00:00:00,60429.96
2021-11-17 01:00:00,60261.01
2021-11-17 02:00:00,59738.38
2021-11-17 03:00:00,59753.37
2021-11-17 04:00:00,59492.01
2021-11-17 05:00:00,59834.42
2021-11-17 06:00:00,59792.04
2021-11-17 07:00:00,60141.43
2021-11-17 08:00:00,60010.85
2021-11-17 09:00:00,59610.91
2021-11-17 10:00:00,60589.56
2021-11-17 11:00:00,60837.09
2021-11-17 12:00:00,60830.98
2021-11-17 13:00:00,60621.54
2021-11-17 14:00:00,60347.98
2021-11-17 15:00:00,59764.03
2021-11-17 16:00:00,60478.61
2021-11-17 17:00:00,60472.04
2021-11-17 18:00:00,60659.28
2021-11-17 19:00:00,60693.7
2021-11-17 20:00:00,60556.04
2021-11-17 21:00:00,60450.1
2021-11-17 22:00:00,60129.29
2021-11-17 23:00:00,60473.43
2021-11-18 00:00:00,60732.01
2021-11-18 01:00:00,60964.37
2021-11-18 02:00:00,60772.88
2021-11-18 03:00:00,60694.5
2021-11-18 04:00:00,60102.61
2021-11-18 05:00:00,59928.17
2021-11-18 06:00:00,60051.39
2021-11-18 07:00:00,59898.56
2021-11-18 08:00:00,59845.85
2021-11-18 09:00:00,59752.17
2021-11-18 10:00:00,59852.65
2021-11-18 11:00:00,59989.81
2021-11-18 12:00:00,59941.48
2021-11-18 13:00:00,59776.96
2021-11-18 14:00:00,59324.62
2021-11-18 15:00:00,59269.76
2021-11-18 16:00:00,58484.36
2021-11-18 17:00:00,58106.4
2021-11-18 18:00:00,58096.68
2021-11-18 19:00:00,58338.06
2021-11-18 20:00:00,58526.14
2021-11-18 21:00:00,58273.39
2021-11-18 22:00:00,57672.93
2021-11-18 23:00:00,57005.46
2021-11-19 00:00:00,57518.07
2021-11-19 01:00:00,57532.24
2021-11-19 02:00:00,56968.74
2021-11-19 03:00:00,56242.88
2021-11-19 04:00:00,56332.78
2021-11-19 05:00:00,56540.33
2021-11-19 06:00:00,56503.17
2021-11-19 07:00:00,56462.24
2021-11-19 08:00:00,57418.79
2021-11-19 09:00:00,57509.58
2021-11-19 10:00:00,57096.13
2021-11-19 11:00:00,57222.77
2021-11-19 12:00:00,57395.75
2021-11-19 13:00:00,57757.49
2021-11-19 14:00:00,58148.13
2021-11-19 15:00:00,58229.57
2021-11-19 16:00:00,58306.09
2021-11-19 17:00:00,58403.92
2021-11-19 18:00:00,58146.32
2021-11-19 19:00:00,58159.74
2021-11-19 20:00:00,58191.31
2021-11-19 21:00:00,57983.65
2021-11-19 22:00:00,58049.26
2021-11-19 23:00:00,58186.53
2021-11-20 00:00:00,58620.98
2021-11-20 01:00:00,58928.59
2021-11-20 02:00:00,59044.97
2021-11-20 03:00:00,58908.46
2021-11-20 04:00:00,58652.52
2021-11-20 05:00:00,58639.95
2021-11-20 06:00:00,58878.58
2021-11-20 07:00:00,58754.91
2021-11-20 08:00:00,58720.27
2021-11-20 09:00:00,58720.1
2021-11-20 10:00:00,58807.72
2021-11-20 11:00:00,58728.26
2021-11-20 12:00:00,58884.29
2021-11-20 13:00:00,58747.93
2021-11-20 14:00:00,58754.43
2021-11-20 15:00:00,58478.42
2021-11-20 16:00:00,57985.04
2021-11-20 17:00:00,57996.7
2021-11-20 18:00:00,59689.41
2021-11-20 19:00:00,59571.72
2021-11-20 20:00:00,59593.01
2021-11-20 21:00:00,59702.67
2021-11-20 22:00:00,59780.4
2021-11-20 23:00:00,59901.9
2021-11-21 00:00:00,59824.18
2021-11-21 01:00:00,59499.26
2021-11-21 02:00:00,59411.37
2021-11-21 03:00:00,59248.36
2021-11-21 04:00:00,59008.12
2021-11-21 05:00:00,59077.09
2021-11-21 06:00:00,59278.93
2021-11-21 07:00:00,59271.79
2021-11-21 08:00:00,59158.87
2021-11-21 09:00:00,59013.87
2021-11-21 10:00:00,59035.63
2021-11-21 11:00:00,59392.88
2021-11-21 12:00:00,59353.5
2021-11-21 13:00:00,59146.33
2021-11-21 14:00:00,59112.2
2021-11-21 15:00:00,59335.96
2021-11-21 16:00:00,59980.95
2021-11-21 17:00:00,60058.65
2021-11-21 18:00:00,59606.02
2021-11-21 19:00:00,59629.67
2021-11-21 20:00:00,59759.43
2021-11-21 21:00:00,59734.07
2021-11-21 22:00:00,59585.79
2021-11-21 23:00:00,59329.99
2021-11-22 00:00:00,58806.35
2021-11-22 01:00:00,58311.32
2021-11-22 02:00:00,58177.42
2021-11-22 03:00:00,57853.19
2021-11-22 04:00:00,57586.74
2021-11-22 05:00:00,57505.49
2021-11-22 06:00:00,57535.29
2021-11-22 07:00:00,57807.72
2021-11-22 08:00:00,57631.96
2021-11-22 09:00:00,57886.5
2021-11-22 10:00:00,57451.6
2021-11-22 11:00:00,57582.67
2021-11-22 12:00:00,58071.24
2021-11-22 13:00:00,59391.98
2021-11-22 14:00:00,59061.24
2021-11-22 15:00:00,58486.29
2021-11-22 16:00:00,58281.96
2021-11-22 17:00:00,57799.86
2021-11-22 18:00:00,57473.86
2021-11-22 19:00:00,57120.4
2021-11-22 20:00:00,56389.88
2021-11-22 21:00:00,56457.21
2021-11-22 22:00:00,56750.31
2021-11-22 23:00:00,56746.15
2021-11-23 00:00:00,56849.42
2021-11-23 01:00:00,56957.87
2021-11-23 02:00:00,56979.8
2021-11-23 03:00:00,57261.92
2021-11-23 04:00:00,57047.82
2021-11-23 05:00:00,56867.49
2021-11-23 06:00:00,56649.51
2021-11-23 07:00:00,56405.94
2021-11-23 08:00:00,56400.42
2021-11-23 09:00:00,57333.33
2021-11-23 10:00:00,57709.66
2021-11-23 11:00:00,56561.26
2021-11-23 12:00:00,56452.16
2021-11-23 13:00:00,56927.67
2021-11-23 14:00:00,57699.57
2021-11-23 15:00:00,57737.02
2021-11-23 16:00:00,57584.91
2021-11-23 17:00:00,57678.1
2021-11-23 18:00:00,57578.3
2021-11-23 19:00:00,57842.54
2021-11-23 20:00:00,57873.48
2021-11-23 21:00:00,57873.77
2021-11-23 22:00:00,57743.16
2021-11-23 23:00:00,57759.09
2021-11-24 00:00:00,57740.34
2021-11-24 01:00:00,57591.12
2021-11-24 02:00:00,57126.94
2021-11-24 03:00:00,56484.02
2021-11-24 04:00:00,56769.22
2021-11-24 05:00:00,56805.0
2021-11-24 06:00:00,56739.03
2021-11-24 07:00:00,56718.54
2021-11-24 08:00:00,57392.15
2021-11-24 09:00:00,57009.67
2021-11-24 10:00:00,56880.34
2021-11-24 11:00:00,56772.11
2021-11-24 12:00:00,56729.65
2021-11-24 13:00:00,56868.25
2021-11-24 14:00:00,56342.87
2021-11-24 15:00:00,57164.48
2021-11-24 16:00:00,56876.51
2021-11-24 17:00:00,56785.67
2021-11-24 18:00:00,57125.1
2021-11-24 19:00:00,56905.63
2021-11-24 20:00:00,57449.21
2021-11-24 21:00:00,57492.32
2021-11-24 22:00:00,57428.01
2021-11-24 23:00:00,57245.43
2021-11-25 00:00:00,58273.7
2021-11-25 01:00:00,58277.71
2021-11-25 02:00:00,57869.1
2021-11-25 03:00:00,57816.54
2021-11-25 04:00:00,57825.85
2021-11-25 05:00:00,57316.42
2021-11-25 06:00:00,57381.09
2021-11-25 07:00:00,57746.07
2021-11-25 08:00:00,57955.52
2021-11-25 09:00:00,57828.9
2021-11-25 10:00:00,58475.25
2021-11-25 11:00:00,58110.86
2021-11-25 12:00:00,58743.43
2021-11-25 13:00:00,58879.22
2021-11-25 14:00:00,58810.3
2021-11-25 15:00:00,59168.72
2021-11-25 16:00:00,59437.04
2021-11-25 17:00:00,59289.73
2021-11-25 18:00:00,59277.56
2021-11-25 19:00:00,59295.48
2021-11-25 20:00:00,59132.48
2021-11-25 21:00:00,59081.89
2021-11-25 22:00:00,58942.76
2021-11-25 23:00:00,59357.07
2021-11-26 00:00:00,59201.95
2021-11-26 01:00:00,58935.56
2021-11-26 02:00:00,58678.9
2021-11-26 03:00:00,58244.41
2021-11-26 04:00:00,58043.35
2021-11-26 05:00:00,57885.82
2021-11-26 06:00:00,57951.96
2021-11-26 07:00:00,57676.09
2021-11-26 08:00:00,56996.12
2021-11-26 09:00:00,55486.56
2021-11-26 10:00:00,54917.87
2021-11-26 11:00:00,54829.25
2021-11-26 12:00:00,54387.38
2021-11-26 13:00:00,54657.81
2021-11-26 14:00:00,54898.82
2021-11-26 15:00:00,54705.08
2021-11-26 16:00:00,54588.0
2021-11-26 17:00:00,54682.66
2021-11-26 18:00:00,54375.55
2021-11-26 19:00:00,54478.7
2021-11-26 20:00:00,54609.35
2021-11-26 21:00:00,54596.01
2021-11-26 22:00:00,54393.74
2021-11-26 23:00:00,54228.91
2021-11-27 00:00:00,54659.14
2021-11-27 01:00:00,54362.82
2021-11-27 02:00:00,54558.44
2021-11-27 03:00:00,54654.58
2021-11-27 04:00:00,54634.94
2021-11-27 05:00:00,54582.43
2021-11-27 06:00:00,54515.64
2021-11-27 07:00:00,54481.56
2021-11-27 08:00:00,55316.65
2021-11-27 09:00:00,55195.77
2021-11-27 10:00:00,54929.63
2021-11-27 11:00:00,54998.58
2021-11-27 12:00:00,54861.37
2021-11-27 13:00:00,55241.53
2021-11-27 14:00:00,55260.71
2021-11-27 15:00:00,55041.44
2021-11-27 16:00:00,55251.05
2021-11-27 17:00:00,55156.19
2021-11-27 18:00:00,55084.73
2021-11-27 19:00:00,55044.21
2021-11-27 20:00:00,55101.59
2021-11-27 21:00:00,54703.96
2021-11-27 22:00:00,54993.38
2021-11-27 23:00:00,54929.71
2021-11-28 00:00:00,54852.86
2021-11-28 01:00:00,54772.53
2021-11-28 02:00:00,54407.09
2021-11-28 03:00:00,54473.78
2021-11-28 04:00:00,54241.73
2021-11-28 05:00:00,54423.8
2021-11-28 06:00:00,54627.29
2021-11-28 07:00:00,54662.79
2021-11-28 08:00:00,54717.23
2021-11-28 09:00:00,54501.32
2021-11-28 10:00:00,54960.79
2021-11-28 11:00:00,54907.9
2021-11-28 12:00:00,54661.88
2021-11-28 13:00:00,54433.16
2021-11-28 14:00:00,54571.58
2021-11-28 15:00:00,54468.71
2021-11-28 16:00:00,54398.41
2021-11-28 17:00:00,54318.76
2021-11-28 18:00:00,54202.61
2021-11-28 19:00:00,54940.39
2021-11-28 20:00:00,55190.39
2021-11-28 21:00:00,56427.46
2021-11-28 22:00:00,56759.75
2021-11-28 23:00:00,57475.26
2021-11-29 00:00:00,57978.62
2021-11-29 01:00:00,58267.05
2021-11-29 02:00:00,57754.91
2021-11-29 03:00:00,57466.17
2021-11-29 04:00:00,57691.44
2021-11-29 05:00:00,57447.86
2021-11-29 06:00:00,57568.0
2021-11-29 07:00:00,57734.84
2021-11-29 08:00:00,57684.16
2021-11-29 09:00:00,57453.66
2021-11-29 10:00:00,57432.32
2021-11-29 11:00:00,57337.7
2021-11-29 12:00:00,57150.7
2021-11-29 13:00:00,57545.45
2021-11-29 14:00:00,57449.34
2021-11-29 15:00:00,57173.27
2021-11-29 16:00:00,57527.75
2021-11-29 17:00:00,58808.35
2021-11-29 18:00:00,58898.57
2021-11-29 19:00:00,58716.88
2021-11-29 20:00:00,58298.11
2021-11-29 21:00:00,58456.9
2021-11-29 22:00:00,58422.41
2021-11-29 23:00:00,58147.4
2021-11-30 00:00:00,58007.29
2021-11-30 01:00:00,57832.78
2021-11-30 02:00:00,57580.43
2021-11-30 03:00:00,57464.05
2021-11-30 04:00:00,57326.44
2021-11-30 05:00:00,57331.18
2021-11-30 06:00:00,56617.65
2021-11-30 07:00:00,56814.98
2021-11-30 08:00:00,57401.48
2021-11-30 09:00:00,56977.73
2021-11-30 10:00:00,57270.91
2021-11-30 11:00:00,57756.91
2021-11-30 12:00:00,58329.58
2021-11-30 13:00:00,58383.37
2021-11-30 14:00:00,58588.43
2021-11-30 15:00:00,59226.33
2021-11-30 16:00:00,57767.86
2021-11-30 17:00:00,57635.56
2021-11-30 18:00:00,58399.9
2021-11-30 19:00:00,58385.04
2021-11-30 20:00:00,57802.51
2021-11-30 21:00:00,57799.37
2021-11-30 22:00:00,57551.12
2021-11-30 23:00:00,57439.18
2021-12-01 00:00:00,57712.01
2021-12-01 01:00:00,57621.89
2021-12-01 02:00:00,57387.2
2021-12-01 03:00:00,57432.82
2021-12-01 04:00:00,57452.69
2021-12-01 05:00:00,57162.43
2021-12-01 06:00:00,57130.13
2021-12-01 07:00:00,57327.91
2021-12-01 08:00:00,57851.44
2021-12-01 09:00:00,57197.5
2021-12-01 10:00:00,57212.91
2021-12-01 11:00:00,57274.38
2021-12-01 12:00:00,57425.33
2021-12-01 13:00:00,57966.45
2021-12-01 14:00:00,58778.6
2021-12-01 15:00:00,58879.3
2021-12-01 16:00:00,59096.53
2021-12-01 17:00:00,58625.25
2021-12-01 18:00:00,58133.36
2021-12-01 19:00:00,57726.34
2021-12-01 20:00:00,57492.74
2021-12-01 21:00:00,57054.28
2021-12-01 22:00:00,57182.3
2021-12-01 23:00:00,57276.2
2021-12-02 00:00:00,57230.48
2021-12-02 01:00:00,57409.48
2021-12-02 02:00:00,57273.84
2021-12-02 03:00:00,57000.61
2021-12-02 04:00:00,56722.66
2021-12-02 05:00:00,57007.3
2021-12-02 06:00:00,56958.81
2021-12-02 07:00:00,56995.87
2021-12-02 08:00:00,57226.19
2021-12-02 09:00:00,57136.35
2021-12-02 10:00:00,56839.97
2021-12-02 11:00:00,56636.75
2021-12-02 12:00:00,56625.88
2021-12-02 13:00:00,56653.44
2021-12-02 14:00:00,57215.95
2021-12-02 15:00:00,57381.78
2021-12-02 16:00:00,56749.52
2021-12-02 17:00:00,56695.0
2021-12-02 18:00:00,56766.88
2021-12-02 19:00:00,56966.8
2021-12-02 20:00:00,57266.45
2021-12-02 21:00:00,57074.57
2021-12-02 22:00:00,56942.53
2021-12-02 23:00:00,56939.96
2021-12-03 00:00:00,56797.73
2021-12-03 01:00:00,56750.73
2021-12-03 02:00:00,56614.57
2021-12-03 03:00:00,56576.07
2021-12-03 04:00:00,56725.7
2021-12-03 05:00:00,57059.31
2021-12-03 06:00:00,57006.07
2021-12-03 07:00:00,56990.52
2021-12-03 08:00:00,56851.35
2021-12-03 09:00:00,56892.84
2021-12-03 10:00:00,57355.28
2021-12-03 11:00:00,57198.89
2021-12-03 12:00:00,57234.71
2021-12-03 13:00:00,57639.15
2021-12-03 14:00:00,56967.37
2021-12-03 15:00:00,56365.88
2021-12-03 16:00:00,56042.1
2021-12-03 17:00:00,55100.73
2021-12-03 18:00:00,55164.89
2021-12-03 19:00:00,54897.08
2021-12-03 20:00:00,54015.06
2021-12-03 21:00:00,54042.37
2021-12-03 22:00:00,53744.47
2021-12-03 23:00:00,53857.31
2021-12-04 00:00:00,53871.2
2021-12-04 01:00:00,53218.39
2021-12-04 02:00:00,53136.97
2021-12-04 03:00:00,53135.1
2021-12-04 04:00:00,52636.21
2021-12-04 05:00:00,50254.42
2021-12-04 06:00:00,48652.7
2021-12-04 07:00:00,47651.58
2021-12-04 08:00:00,47961.88
2021-12-04 09:00:00,47746.12
2021-12-04 10:00:00,47651.55
2021-12-04 11:00:00,47483.54
2021-12-04 12:00:00,47617.86
2021-12-04 13:00:00,47501.46
2021-12-04 14:00:00,47915.05
2021-12-04 15:00:00,48600.03
2021-12-04 16:00:00,48536.72
2021-12-04 17:00:00,48412.48
2021-12-04 18:00:00,48918.03
2021-12-04 19:00:00,49487.56
2021-12-04 20:00:00,49525.9
2021-12-04 21:00:00,49397.71
2021-12-04 22:00:00,49344.99
2021-12-04 23:00:00,49524.7
2021-12-05 00:00:00,49724.28
2021-12-05 01:00:00,49279.68
2021-12-05 02:00:00,49173.73
2021-12-05 03:00:00,49442.66
2021-12-05 04:00:00,49314.39
2021-12-05 05:00:00,49517.03
2021-12-05 06:00:00,49686.11
2021-12-05 07:00:00,49764.31
2021-12-05 08:00:00,49666.62
2021-12-05 09:00:00,49579.35
2021-12-05 10:00:00,49509.57
2021-12-05 11:00:00,49481.74
2021-12-05 12:00:00,49761.62
2021-12-05 13:00:00,49538.35
2021-12-05 14:00:00,49437.52
2021-12-05 15:00:00,49178.17
2021-12-05 16:00:00,48770.36
2021-12-05 17:00:00,49375.73
2021-12-05 18:00:00,49405.29
2021-12-05 19:00:00,49221.34
2021-12-05 20:00:00,49103.28
2021-12-05 21:00:00,49290.52
2021-12-05 22:00:00,49332.76
2021-12-05 23:00:00,49587.99
2021-12-06 00:00:00,49511.72
2021-12-06 01:00:00,49071.23
2021-12-06 02:00:00,49211.45
2021-12-06 03:00:00,49283.49
2021-12-06 04:00:00,49355.83
2021-12-06 05:00:00,49162.22
2021-12-06 06:00:00,48818.27
2021-12-06 07:00:00,48500.44
2021-12-06 08:00:00,49444.71
2021-12-06 09:00:00,48384.85
2021-12-06 10:00:00,47852.13
2021-12-06 11:00:00,48770.58
2021-12-06 12:00:00,48857.65
2021-12-06 13:00:00,48738.65
2021-12-06 14:00:00,48610.76
2021-12-06 15:00:00,48993.17
2021-12-06 16:00:00,49244.96
2021-12-06 17:00:00,49313.71
2021-12-06 18:00:00,49273.17
2021-12-06 19:00:00,49406.94
2021-12-06 20:00:00,49286.65
2021-12-06 21:00:00,50587.26
2021-12-06 22:00:00,50982.58
2021-12-06 23:00:00,50986.02
2021-12-07 00:00:00,50826.9
2021-12-07 01:00:00,51443.44
2021-12-07 02:00:00,50926.93
2021-12-07 03:00:00,51052.75
2021-12-07 04:00:00,51264.01
2021-12-07 05:00:00,51253.18
2021-12-07 06:00:00,51262.56
2021-12-07 07:00:00,51348.68
2021-12-07 08:00:00,51308.97
2021-12-07 09:00:00,51577.37
2021-12-07 10:00:00,51440.52
2021-12-07 11:00:00,51553.0
2021-12-07 12:00:00,51586.07
2021-12-07 13:00:00,51136.14
2021-12-07 14:00:00,51587.17
2021-12-07 15:00:00,51953.27
2021-12-07 16:00:00,51913.07
2021-12-07 17:00:00,51409.12
2021-12-07 18:00:00,51209.66
2021-12-07 19:00:00,51217.9
2021-12-07 20:00:00,51032.47
2021-12-07 21:00:00,50865.36
2021-12-07 22:00:00,50623.15
2021-12-07 23:00:00,50735.93
2021-12-08 00:00:00,50773.32
2021-12-08 01:00:00,50833.57
2021-12-08 02:00:00,50733.9
2021-12-08 03:00:00,50506.8
2021-12-08 04:00:00,50443.31
2021-12-08 05:00:00,50583.27
2021-12-08 06:00:00,50741.25
2021-12-08 07:00:00,50692.22
2021-12-08 08:00:00,50657.67
2021-12-08 09:00:00,50567.97
2021-12-08 10:00:00,50359.92
2021-12-08 11:00:00,49439.96
2021-12-08 12:00:00,49339.38
2021-12-08 13:00:00,49403.97
2021-12-08 14:00:00,51028.58
2021-12-08 15:00:00,51215.6
2021-12-08 16:00:00,50807.75
2021-12-08 17:00:00,50525.4
2021-12-08 18:00:00,50718.11
2021-12-08 19:00:00,50901.6
2021-12-08 20:00:00,50904.21
2021-12-08 21:00:00,50845.83
2021-12-08 22:00:00,50852.13
2021-12-08 23:00:00,50616.96
2021-12-09 00:00:00,50829.41
2021-12-09 01:00:00,50530.46
2021-12-09 02:00:00,50326.33
2021-12-09 03:00:00,49972.1
2021-12-09 04:00:00,49845.77
2021-12-09 05:00:00,49916.4
2021-12-09 06:00:00,49894.39
2021-12-09 07:00:00,50351.22
2021-12-09 08:00:00,50060.81
2021-12-09 09:00:00,49573.43
2021-12-09 10:00:00,49438.08
2021-12-09 11:00:00,49450.74
2021-12-09 12:00:00,49638.0
2021-12-09 13:00:00,49452.62
2021-12-09 14:00:00,49476.51
2021-12-09 15:00:00,48797.44
2021-12-09 16:00:00,48855.3
2021-12-09 17:00:00,48733.48
2021-12-09 18:00:00,48375.1
2021-12-09 19:00:00,48019.3
2021-12-09 20:00:00,47727.97
2021-12-09 21:00:00,48161.42
2021-12-09 22:00:00,48405.53
2021-12-09 23:00:00,48255.11
2021-12-10 00:00:00,48737.63
2021-12-10 01:00:00,48557.06
2021-12-10 02:00:00,48734.56
2021-12-10 03:00:00,48594.52
2021-12-10 04:00:00,48560.91
2021-12-10 05:00:00,48371.36
2021-12-10 06:00:00,48442.49
2021-12-10 07:00:00,48042.79
2021-12-10 08:00:00,48188.12
2021-12-10 09:00:00,48498.23
2021-12-10 10:00:00,48501.75
2021-12-10 11:00:00,48739.36
2021-12-10 12:00:00,49222.11
2021-12-10 13:00:00,50047.85
2021-12-10 14:00:00,49856.72
2021-12-10 15:00:00,48595.99
2021-12-10 16:00:00,47989.5
2021-12-10 17:00:00,47769.96
2021-12-10 18:00:00,48328.36
2021-12-10 19:00:00,48222.73
2021-12-10 20:00:00,48469.14
2021-12-10 21:00:00,48520.2
2021-12-10 22:00:00,48112.08
2021-12-10 23:00:00,47818.68
2021-12-11 00:00:00,48448.87
2021-12-11 01:00:00,48269.34
2021-12-11 02:00:00,48272.95
2021-12-11 03:00:00,48679.26
2021-12-11 04:00:00,48625.8
2021-12-11 05:00:00,48615.34
2021-12-11 06:00:00,48887.39
2021-12-11 07:00:00,48186.38
2021-12-11 08:00:00,48910.44
2021-12-11 09:00:00,48654.61
2021-12-11 10:00:00,48619.13
2021-12-11 11:00:00,48481.48
2021-12-11 12:00:00,48597.4
2021-12-11 13:00:00,48910.74
2021-12-11 14:00:00,48568.83
2021-12-11 15:00:00,48791.83
2021-12-11 16:00:00,49291.1
2021-12-11 17:00:00,49062.01
2021-12-11 18:00:00,48888.94
2021-12-11 19:00:00,48810.04
2021-12-11 20:00:00,48745.38
2021-12-11 21:00:00,48856.78
2021-12-11 22:00:00,49158.69
2021-12-11 23:00:00,49504.07
2021-12-12 00:00:00,49710.93
2021-12-12 01:00:00,49487.44
2021-12-12 02:00:00,49366.81
2021-12-12 03:00:00,49405.86
2021-12-12 04:00:00,49370.99
2021-12-12 05:00:00,49097.26
2021-12-12 06:00:00,49241.59
2021-12-12 07:00:00,49394.44
2021-12-12 08:00:00,49397.91
2021-12-12 09:00:00,49166.1
2021-12-12 10:00:00,48975.6
2021-12-12 11:00:00,49318.83
2021-12-12 12:00:00,49657.05
2021-12-12 13:00:00,49911.11
2021-12-12 14:00:00,49952.57
2021-12-12 15:00:00,49948.02
2021-12-12 16:00:00,49922.11
2021-12-12 17:00:00,50443.63
2021-12-12 18:00:00,50807.75
2021-12-12 19:00:00,50612.69
2021-12-12 20:00:00,50580.81
2021-12-12 21:00:00,50330.72
2021-12-12 22:00:00,50353.6
2021-12-12 23:00:00,50393.2
2021-12-13 00:00:00,50215.42
2021-12-13 01:00:00,49664.3
2021-12-13 02:00:00,48905.89
2021-12-13 03:00:00,49105.5
2021-12-13 04:00:00,49131.86
2021-12-13 05:00:00,49357.04
2021-12-13 06:00:00,49328.2
2021-12-13 07:00:00,49016.87
2021-12-13 08:00:00,49200.66
2021-12-13 09:00:00,49068.56
2021-12-13 10:00:00,48942.75
2021-12-13 11:00:00,48939.38
2021-12-13 12:00:00,49033.51
2021-12-13 13:00:00,48663.75
2021-12-13 14:00:00,48469.12
2021-12-13 15:00:00,47966.05
2021-12-13 16:00:00,47551.12
2021-12-13 17:00:00,47879.04
2021-12-13 18:00:00,47686.11
2021-12-13 19:00:00,47478.8
2021-12-13 20:00:00,46982.01
2021-12-13 21:00:00,46930.83
2021-12-13 22:00:00,47263.56
2021-12-13 23:00:00,47075.98
2021-12-14 00:00:00,47233.69
2021-12-14 01:00:00,47128.67
2021-12-14 02:00:00,47068.0
2021-12-14 03:00:00,47123.62
2021-12-14 04:00:00,47204.79
2021-12-14 05:00:00,47130.79
2021-12-14 06:00:00,46873.59
2021-12-14 07:00:00,47045.85
2021-12-14 08:00:00,47534.17
2021-12-14 09:00:00,47512.63
2021-12-14 10:00:00,47397.42
2021-12-14 11:00:00,47711.69
2021-12-14 12:00:00,47963.31
2021-12-14 13:00:00,47683.66
2021-12-14 14:00:00,47334.8
2021-12-14 15:00:00,47530.96
2021-12-14 16:00:00,47141.11
2021-12-14 17:00:00,47090.37
2021-12-14 18:00:00,46960.88
2021-12-14 19:00:00,47082.8
2021-12-14 20:00:00,47882.99
2021-12-14 21:00:00,48665.63
2021-12-14 22:00:00,48479.58
2021-12-14 23:00:00,48456.36
2021-12-15 00:00:00,48747.59
2021-12-15 01:00:00,48188.31
2021-12-15 02:00:00,48110.3
2021-12-15 03:00:00,48306.09
2021-12-15 04:00:00,48441.45
2021-12-15 05:00:00,48323.95
2021-12-15 06:00:00,48335.26
2021-12-15 07:00:00,48343.35
2021-12-15 08:00:00,48769.21
2021-12-15 09:00:00,48614.37
2021-12-15 10:00:00,48604.61
2021-12-15 11:00:00,48374.88
2021-12-15 12:00:00,48294.59
2021-12-15 13:00:00,47823.56
2021-12-15 14:00:00,47772.99
2021-12-15 15:00:00,47473.65
2021-12-15 16:00:00,47043.47
2021-12-15 17:00:00,47367.87
2021-12-15 18:00:00,48237.47
2021-12-15 19:00:00,49235.1
2021-12-15 20:00:00,49499.91
2021-12-15 21:00:00,49375.66
2021-12-15 22:00:00,49245.54
2021-12-15 23:00:00,48970.31
2021-12-16 00:00:00,49273.67
2021-12-16 01:00:00,49146.68
2021-12-16 02:00:00,49073.05
2021-12-16 03:00:00,49071.12
2021-12-16 04:00:00,48899.69
2021-12-16 05:00:00,48818.99
2021-12-16 06:00:00,48918.46
2021-12-16 07:00:00,49024.52
2021-12-16 08:00:00,48929.8
2021-12-16 09:00:00,48999.44
2021-12-16 10:00:00,49247.77
2021-12-16 11:00:00,49451.4
2021-12-16 12:00:00,49234.4
2021-12-16 13:00:00,49242.24
2021-12-16 14:00:00,49017.25
2021-12-16 15:00:00,48731.65
2021-12-16 16:00:00,48720.29
2021-12-16 17:00:00,48527.86
2021-12-16 18:00:00,48324.3
2021-12-16 19:00:00,48125.11
2021-12-16 20:00:00,48403.04
2021-12-16 21:00:00,48163.88
2021-12-16 22:00:00,48160.92
2021-12-16 23:00:00,47831.53
2021-12-17 00:00:00,47979.65
2021-12-17 01:00:00,48004.37
2021-12-17 02:00:00,47883.64
2021-12-17 03:00:00,47828.76
2021-12-17 04:00:00,47958.47
2021-12-17 05:00:00,47967.16
2021-12-17 06:00:00,47748.57
2021-12-17 07:00:00,47446.48
2021-12-17 08:00:00,47202.39
2021-12-17 09:00:00,47294.56
2021-12-17 10:00:00,47258.28
2021-12-17 11:00:00,47294.08
2021-12-17 12:00:00,47356.22
2021-12-17 13:00:00,47253.99
2021-12-17 14:00:00,47010.18
2021-12-17 15:00:00,46615.44
2021-12-17 16:00:00,47442.22
2021-12-17 17:00:00,47106.49
2021-12-17 18:00:00,47056.05
2021-12-17 19:00:00,47103.71
2021-12-17 20:00:00,46834.1
2021-12-17 21:00:00,47090.47
2021-12-17 22:00:00,46967.62
2021-12-17 23:00:00,46568.88
2021-12-18 00:00:00,46389.25
2021-12-18 01:00:00,46365.66
2021-12-18 02:00:00,45984.1
2021-12-18 03:00:00,46543.57
2021-12-18 04:00:00,46509.94
2021-12-18 05:00:00,46870.07
2021-12-18 06:00:00,46785.36
2021-12-18 07:00:00,46501.26
2021-12-18 08:00:00,46677.38
2021-12-18 09:00:00,46864.91
2021-12-18 10:00:00,47347.72
2021-12-18 11:00:00,47356.67
2021-12-18 12:00:00,47172.85
2021-12-18 13:00:00,47097.51
2021-12-18 14:00:00,47068.63
2021-12-18 15:00:00,47232.98
2021-12-18 16:00:00,47004.19
2021-12-18 17:00:00,46870.34
2021-12-18 18:00:00,46785.53
2021-12-18 19:00:00,46781.39
2021-12-18 20:00:00,46897.08
2021-12-18 21:00:00,46994.63
2021-12-18 22:00:00,47129.09
2021-12-18 23:00:00,47029.11
2021-12-19 00:00:00,46902.4
2021-12-19 01:00:00,46818.8
2021-12-19 02:00:00,47195.08
2021-12-19 03:00:00,47992.53
2021-12-19 04:00:00,48084.31
2021-12-19 05:00:00,48021.84
2021-12-19 06:00:00,47682.5
2021-12-19 07:00:00,47748.12
2021-12-19 08:00:00,47644.22
2021-12-19 09:00:00,47566.22
2021-12-19 10:00:00,47236.18
2021-12-19 11:00:00,47215.48
2021-12-19 12:00:00,47278.27
2021-12-19 13:00:00,47742.24
2021-12-19 14:00:00,48286.29
2021-12-19 15:00:00,47480.35
2021-12-19 16:00:00,47481.0
2021-12-19 17:00:00,47248.58
2021-12-19 18:00:00,47188.79
2021-12-19 19:00:00,47161.12
2021-12-19 20:00:00,46904.89
2021-12-19 21:00:00,46894.42
2021-12-19 22:00:00,47558.53
2021-12-19 23:00:00,47438.51
2021-12-20 00:00:00,46894.61
2021-12-20 01:00:00,47198.23
2021-12-20 02:00:00,46840.59
2021-12-20 03:00:00,46837.62
2021-12-20 04:00:00,47043.48
2021-12-20 05:00:00,47051.6
2021-12-20 06:00:00,46668.2
2021-12-20 07:00:00,46589.4
2021-12-20 08:00:00,46570.5
2021-12-20 09:00:00,46306.94
2021-12-20 10:00:00,46147.34
2021-12-20 11:00:00,46144.33
2021-12-20 12:00:00,46110.68
2021-12-20 13:00:00,46005.22
2021-12-20 14:00:00,46319.25
2021-12-20 15:00:00,46322.69
2021-12-20 16:00:00,46508.54
2021-12-20 17:00:00,46508.96
2021-12-20 18:00:00,46342.31
2021-12-20 19:00:00,46702.36
2021-12-20 20:00:00,47244.03
2021-12-20 21:00:00,47495.72
2021-12-20 22:00:00,47107.61
2021-12-20 23:00:00,47100.48
2021-12-21 00:00:00,47087.7
2021-12-21 01:00:00,46996.04
2021-12-21 02:00:00,47052.32
2021-12-21 03:00:00,48071.45
2021-12-21 04:00:00,48843.08
2021-12-21 05:00:00,48777.44
2021-12-21 06:00:00,48680.24
2021-12-21 07:00:00,48675.25
2021-12-21 08:00:00,48992.4
2021-12-21 09:00:00,48708.57
2021-12-21 10:00:00,48789.28
2021-12-21 11:00:00,48905.94
2021-12-21 12:00:00,49334.04
2021-12-21 13:00:00,48979.07
2021-12-21 14:00:00,48993.87
2021-12-21 15:00:00,48799.23
2021-12-21 16:00:00,48751.67
2021-12-21 17:00:00,48856.13
2021-12-21 18:00:00,48692.91
2021-12-21 19:00:00,48657.73
2021-12-21 20:00:00,48790.37
2021-12-21 21:00:00,49177.13
2021-12-21 22:00:00,49304.35
2021-12-21 23:00:00,49312.37
2021-12-22 00:00:00,48999.27
2021-12-22 01:00:00,48861.98
2021-12-22 02:00:00,49581.41
2021-12-22 03:00:00,49439.26
2021-12-22 04:00:00,49342.36
2021-12-22 05:00:00,49350.03
2021-12-22 06:00:00,49235.59
2021-12-22 07:00:00,49322.63
2021-12-22 08:00:00,49553.69
2021-12-22 09:00:00,49345.35
2021-12-22 10:00:00,49166.67
2021-12-22 11:00:00,49238.93
2021-12-22 12:00:00,49129.81
2021-12-22 13:00:00,48780.63
2021-12-22 14:00:00,48958.0
2021-12-22 15:00:00,48927.33
2021-12-22 16:00:00,49264.85
2021-12-22 17:00:00,49111.46
2021-12-22 18:00:00,48844.79
2021-12-22 19:00:00,48975.14
2021-12-22 20:00:00,49147.52
2021-12-22 21:00:00,49157.67
2021-12-22 22:00:00,49086.24
2021-12-22 23:00:00,49007.95
2021-12-23 00:00:00,48681.43
2021-12-23 01:00:00,48497.17
2021-12-23 02:00:00,48741.17
2021-12-23 03:00:00,48571.66
2021-12-23 04:00:00,48596.51
2021-12-23 05:00:00,48582.74
2021-12-23 06:00:00,48523.34
2021-12-23 07:00:00,48530.25
2021-12-23 08:00:00,48372.88
2021-12-23 09:00:00,48438.77
2021-12-23 10:00:00,48480.3
2021-12-23 11:00:00,48559.21
2021-12-23 12:00:00,48806.14
2021-12-23 13:00:00,48875.48
2021-12-23 14:00:00,48716.2
2021-12-23 15:00:00,48853.37
2021-12-23 16:00:00,49166.19
2021-12-23 17:00:00,50165.83
2021-12-23 18:00:00,50816.67
2021-12-23 19:00:00,51382.88
2021-12-23 20:00:00,51193.65
2021-12-23 21:00:00,51004.98
2021-12-23 22:00:00,50999.02
2021-12-23 23:00:00,50861.01
2021-12-24 00:00:00,50992.62
2021-12-24 01:00:00,51376.17
2021-12-24 02:00:00,51520.56
2021-12-24 03:00:00,51178.83
2021-12-24 04:00:00,51126.56
2021-12-24 05:00:00,51035.04
2021-12-24 06:00:00,51027.69
2021-12-24 07:00:00,51096.61
2021-12-24 08:00:00,51208.8
2021-12-24 09:00:00,51315.7
2021-12-24 10:00:00,51293.71
2021-12-24 11:00:00,51486.15
2021-12-24 12:00:00,51094.69
2021-12-24 13:00:00,51185.52
2021-12-24 14:00:00,51267.83
2021-12-24 15:00:00,51011.36
2021-12-24 16:00:00,51250.39
2021-12-24 17:00:00,51154.05
2021-12-24 18:00:00,51678.59
2021-12-24 19:00:00,51863.56
2021-12-24 20:00:00,51249.14
2021-12-24 21:00:00,51166.64
2021-12-24 22:00:00,50962.08
2021-12-24 23:00:00,50912.92
2021-12-25 00:00:00,51094.78
2021-12-25 01:00:00,51118.12
2021-12-25 02:00:00,51157.97
2021-12-25 03:00:00,50967.42
2021-12-25 04:00:00,51078.73
2021-12-25 05:00:00,51042.41
2021-12-25 06:00:00,51006.31
2021-12-25 07:00:00,51105.37
2021-12-25 08:00:00,51001.65
2021-12-25 09:00:00,51027.2
2021-12-25 10:00:00,50858.45
2021-12-25 11:00:00,50846.74
2021-12-25 12:00:00,50960.18
2021-12-25 13:00:00,50930.5
2021-12-25 14:00:00,50901.08
2021-12-25 15:00:00,50837.03
2021-12-25 16:00:00,50790.44
2021-12-25 17:00:00,50855.84
2021-12-25 18:00:00,51158.56
2021-12-25 19:00:00,51078.41
2021-12-25 20:00:00,51008.31
2021-12-25 21:00:00,51109.83
2021-12-25 22:00:00,50999.54
2021-12-25 23:00:00,50702.45
2021-12-26 00:00:00,50595.24
2021-12-26 01:00:00,50696.78
2021-12-26 02:00:00,50589.01
2021-12-26 03:00:00,50068.91
2021-12-26 04:00:00,49912.03
2021-12-26 05:00:00,49993.58
2021-12-26 06:00:00,49991.02
2021-12-26 07:00:00,49991.95
2021-12-26 08:00:00,50126.79
2021-12-26 09:00:00,50180.13
2021-12-26 10:00:00,50129.24
2021-12-26 11:00:00,50147.32
2021-12-26 12:00:00,49978.64
2021-12-26 13:00:00,50001.69
2021-12-26 14:00:00,49981.31
2021-12-26 15:00:00,50283.11
2021-12-26 16:00:00,50400.53
2021-12-26 17:00:00,50405.74
2021-12-26 18:00:00,50424.51
2021-12-26 19:00:00,50481.64
2021-12-26 20:00:00,50405.65
2021-12-26 21:00:00,51055.18
2021-12-26 22:00:00,51283.7
2021-12-26 23:00:00,51054.96
2021-12-27 00:00:00,50984.41
2021-12-27 01:00:00,50829.52
2021-12-27 02:00:00,50952.53
2021-12-27 03:00:00,51148.28
2021-12-27 04:00:00,51105.69
2021-12-27 05:00:00,51042.23
2021-12-27 06:00:00,50979.32
2021-12-27 07:00:00,50996.66
2021-12-27 08:00:00,50858.18
2021-12-27 09:00:00,50797.91
2021-12-27 10:00:00,50922.2
2021-12-27 11:00:00,50902.79
2021-12-27 12:00:00,51225.41
2021-12-27 13:00:00,51420.37
2021-12-27 14:00:00,51705.89
2021-12-27 15:00:00,51677.77
2021-12-27 16:00:00,51525.57
2021-12-27 17:00:00,52079.46
2021-12-27 18:00:00,51966.05
2021-12-27 19:00:00,51726.62
2021-12-27 20:00:00,51378.72
2021-12-27 21:00:00,51313.82
2021-12-27 22:00:00,51246.87
2021-12-27 23:00:00,51072.6
2021-12-28 00:00:00,50718.53
2021-12-28 01:00:00,50372.18
2021-12-28 02:00:00,49974.7
2021-12-28 03:00:00,49843.11
2021-12-28 04:00:00,49837.38
2021-12-28 05:00:00,49238.05
2021-12-28 06:00:00,49345.32
2021-12-28 07:00:00,49370.35
2021-12-28 08:00:00,49449.59
2021-12-28 09:00:00,49462.62
2021-12-28 10:00:00,49175.24
2021-12-28 11:00:00,49250.19
2021-12-28 12:00:00,49380.05
2021-12-28 13:00:00,49292.28
2021-12-28 14:00:00,49149.65
2021-12-28 15:00:00,49224.4
2021-12-28 16:00:00,48981.07
2021-12-28 17:00:00,48638.7
2021-12-28 18:00:00,48032.42
2021-12-28 19:00:00,47795.98
2021-12-28 20:00:00,48044.95
2021-12-28 21:00:00,47851.47
2021-12-28 22:00:00,47731.7
2021-12-28 23:00:00,47790.31
2021-12-29 00:00:00,47844.36
2021-12-29 01:00:00,47979.95
2021-12-29 02:00:00,48046.76
2021-12-29 03:00:00,48145.34
2021-12-29 04:00:00,48073.02
2021-12-29 05:00:00,47927.34
2021-12-29 06:00:00,47993.87
2021-12-29 07:00:00,47875.99
2021-12-29 08:00:00,47826.5
2021-12-29 09:00:00,48074.8
2021-12-29 10:00:00,47992.6
2021-12-29 11:00:00,47765.28
2021-12-29 12:00:00,47781.9
2021-12-29 13:00:00,47461.85
2021-12-29 14:00:00,47912.59
2021-12-29 15:00:00,48040.28
2021-12-29 16:00:00,48050.45
2021-12-29 17:00:00,47740.24
2021-12-29 18:00:00,47775.56
2021-12-29 19:00:00,47555.5
2021-12-29 20:00:00,47705.48
2021-12-29 21:00:00,47395.94
2021-12-29 22:00:00,47486.05
2021-12-29 23:00:00,47370.27
2021-12-30 00:00:00,46849.47
2021-12-30 01:00:00,46747.53
2021-12-30 02:00:00,46666.38
2021-12-30 03:00:00,46717.34
2021-12-30 04:00:00,46943.92
2021-12-30 05:00:00,46817.39
2021-12-30 06:00:00,46962.19
2021-12-30 07:00:00,47101.05
2021-12-30 08:00:00,47179.5
2021-12-30 09:00:00,46993.84
2021-12-30 10:00:00,46966.69
2021-12-30 11:00:00,47574.22
2021-12-30 12:00:00,47737.5
2021-12-30 13:00:00,47571.35
2021-12-30 14:00:00,47443.88
2021-12-30 15:00:00,47510.84
2021-12-30 16:00:00,47651.58
2021-12-30 17:00:00,47776.35
2021-12-30 18:00:00,47898.69
2021-12-30 19:00:00,47917.89
2021-12-30 20:00:00,47691.14
2021-12-30 21:00:00,47357.44
2021-12-30 22:00:00,47318.91
2021-12-30 23:00:00,47243.17
2021-12-31 00:00:00,47391.68
2021-12-31 01:00:00,47339.42
2021-12-31 02:00:00,47126.84
2021-12-31 03:00:00,47273.87
2021-12-31 04:00:00,47453.87
2021-12-31 05:00:00,47415.16
2021-12-31 06:00:00,47548.62
2021-12-31 07:00:00,47459.84
2021-12-31 08:00:00,48543.28
2021-12-31 09:00:00,48573.22
2021-12-31 10:00:00,48474.57
2021-12-31 11:00:00,48203.41
2021-12-31 12:00:00,48103.4
2021-12-31 13:00:00,48075.21
2021-12-31 14:00:00,48130.58
2021-12-31 15:00:00,48108.64
2021-12-31 16:00:00,48109.65
2021-12-31 17:00:00,47540.75
2021-12-31 18:00:00,47017.22
2021-12-31 19:00:00,46660.27
2021-12-31 20:00:00,46198.52
2021-12-31 21:00:00,46493.25
2021-12-31 22:00:00,46568.23
2021-12-31 23:00:00,46489.61
2022-01-01 00:00:00,46727.17
2022-01-01 01:00:00,46924.4
2022-01-01 02:00:00,46920.79
2022-01-01 03:00:00,46891.94
2022-01-01 04:00:00,46872.88
2022-01-01 05:00:00,47532.48
2022-01-01 06:00:00,47319.14
2022-01-01 07:00:00,47247.39
2022-01-01 08:00:00,47333.37
2022-01-01 09:00:00,47200.17
2022-01-01 10:00:00,47291.94
2022-01-01 11:00:00,46994.47
2022-01-01 12:00:00,47146.83
2022-01-01 13:00:00,47197.85
2022-01-01 14:00:00,47107.18
2022-01-01 15:00:00,47463.78
2022-01-01 16:00:00,47537.78
2022-01-01 17:00:00,47950.29
2022-01-01 18:00:00,47837.39
2022-01-01 19:00:00,47626.38
2022-01-01 20:00:00,47568.55
2022-01-01 21:00:00,47542.75
2022-01-01 22:00:00,47499.32
2022-01-01 23:00:00,47807.64
2022-01-02 00:00:00,47769.87
2022-01-02 01:00:00,47654.65
2022-01-02 02:00:00,47449.1
2022-01-02 03:00:00,47475.39
2022-01-02 04:00:00,47423.81
2022-01-02 05:00:00,47092.15
2022-01-02 06:00:00,47240.57
2022-01-02 07:00:00,47297.94
2022-01-02 08:00:00,47248.6
2022-01-02 09:00:00,47486.92
2022-01-02 10:00:00,47350.66
2022-01-02 11:00:00,47388.24
2022-01-02 12:00:00,47443.45
2022-01-02 13:00:00,47310.39
2022-01-02 14:00:00,47203.96
2022-01-02 15:00:00,47376.35
2022-01-02 16:00:00,47888.62
2022-01-02 17:00:00,47979.26
2022-01-02 18:00:00,47420.74
2022-01-02 19:00:00,47220.39
2022-01-02 20:00:00,47059.25
2022-01-02 21:00:00,47183.61
2022-01-02 22:00:00,47399.31
2022-01-02 23:00:00,47477.18
2022-01-03 00:00:00,47306.41
2022-01-03 01:00:00,47142.46
2022-01-03 02:00:00,47119.76
2022-01-03 03:00:00,47075.6
2022-01-03 04:00:00,46943.01
2022-01-03 05:00:00,47206.32
2022-01-03 06:00:00,47110.7
2022-01-03 07:00:00,47079.42
2022-01-03 08:00:00,47141.6
2022-01-03 09:00:00,47097.96
2022-01-03 10:00:00,47245.15
2022-01-03 11:00:00,47426.11
2022-01-03 12:00:00,47572.23
2022-01-03 13:00:00,47354.54
2022-01-03 14:00:00,47271.08
2022-01-03 15:00:00,47018.14
2022-01-03 16:00:00,46768.27
2022-01-03 17:00:00,46785.43
2022-01-03 18:00:00,46732.93
2022-01-03 19:00:00,46648.96
2022-01-03 20:00:00,46406.26
2022-01-03 21:00:00,46256.83
2022-01-03 22:00:00,46434.95
2022-01-03 23:00:00,46566.31
2022-01-04 00:00:00,46531.05
2022-01-04 01:00:00,46393.91
2022-01-04 02:00:00,46257.43
2022-01-04 03:00:00,46371.65
2022-01-04 04:00:00,46408.43
2022-01-04 05:00:00,46296.25
2022-01-04 06:00:00,46397.84
2022-01-04 07:00:00,46577.48
2022-01-04 08:00:00,46675.4
2022-01-04 09:00:00,46603.54
2022-01-04 10:00:00,46750.62
2022-01-04 11:00:00,46764.61
2022-01-04 12:00:00,46758.43
2022-01-04 13:00:00,47070.94
2022-01-04 14:00:00,47452.8
2022-01-04 15:00:00,47529.48
2022-01-04 16:00:00,46910.35
2022-01-04 17:00:00,46967.97
2022-01-04 18:00:00,46719.46
2022-01-04 19:00:00,46440.69
2022-01-04 20:00:00,46417.87
2022-01-04 21:00:00,46310.79
2022-01-04 22:00:00,46232.34
2022-01-04 23:00:00,46153.02
2022-01-05 00:00:00,46305.44
2022-01-05 01:00:00,46333.57
2022-01-05 02:00:00,46377.44
2022-01-05 03:00:00,46543.44
2022-01-05 04:00:00,46523.46
2022-01-05 05:00:00,46414.2
2022-01-05 06:00:00,46463.93
2022-01-05 07:00:00,46487.82
2022-01-05 08:00:00,46671.93
2022-01-05 09:00:00,46951.27
2022-01-05 10:00:00,47067.18
2022-01-05 11:00:00,46836.78
2022-01-05 12:00:00,46341.27
2022-01-05 13:00:00,46450.7
2022-01-05 14:00:00,46821.95
2022-01-05 15:00:00,46824.77
2022-01-05 16:00:00,46674.47
2022-01-05 17:00:00,46461.19
2022-01-05 18:00:00,46269.75
2022-01-05 19:00:00,46094.07
2022-01-05 20:00:00,44799.45
2022-01-05 21:00:00,44297.61
2022-01-05 22:00:00,43762.57
2022-01-05 23:00:00,43708.74
2022-01-06 00:00:00,43756.69
2022-01-06 01:00:00,43779.23
2022-01-06 02:00:00,43606.46
2022-01-06 03:00:00,43300.09
2022-01-06 04:00:00,43130.92
2022-01-06 05:00:00,43235.21
2022-01-06 06:00:00,43217.21
2022-01-06 07:00:00,43255.97
2022-01-06 08:00:00,43252.2
2022-01-06 09:00:00,43076.89
2022-01-06 10:00:00,42933.51
2022-01-06 11:00:00,42944.39
2022-01-06 12:00:00,43048.82
2022-01-06 13:00:00,43184.69
2022-01-06 14:00:00,43225.07
2022-01-06 15:00:00,42996.86
2022-01-06 16:00:00,43091.89
2022-01-06 17:00:00,43170.24
2022-01-06 18:00:00,43402.71
2022-01-06 19:00:00,43506.2
2022-01-06 20:00:00,43583.39
2022-01-06 21:00:00,43242.41
2022-01-06 22:00:00,43231.89
2022-01-06 23:00:00,43226.51
2022-01-07 00:00:00,43138.79
2022-01-07 01:00:00,43018.89
2022-01-07 02:00:00,43017.77
2022-01-07 03:00:00,42807.4
2022-01-07 04:00:00,41888.26
2022-01-07 05:00:00,41942.17
2022-01-07 06:00:00,41840.92
2022-01-07 07:00:00,41698.58
2022-01-07 08:00:00,42673.92
2022-01-07 09:00:00,42573.62
2022-01-07 10:00:00,42504.57
2022-01-07 11:00:00,42326.37
2022-01-07 12:00:00,42479.9
2022-01-07 13:00:00,42718.71
2022-01-07 14:00:00,42110.05
2022-01-07 15:00:00,41913.96
2022-01-07 16:00:00,42208.24
2022-01-07 17:00:00,42236.21
2022-01-07 18:00:00,41994.77
2022-01-07 19:00:00,41882.48
2022-01-07 20:00:00,42038.9
2022-01-07 21:00:00,42018.42
2022-01-07 22:00:00,41885.57
2022-01-07 23:00:00,41586.58
2022-01-08 00:00:00,42094.3
2022-01-08 01:00:00,42229.62
2022-01-08 02:00:00,41931.52
2022-01-08 03:00:00,41896.42
2022-01-08 04:00:00,41985.37
2022-01-08 05:00:00,41992.74
2022-01-08 06:00:00,41993.76
2022-01-08 07:00:00,41973.62
2022-01-08 08:00:00,42174.08
2022-01-08 09:00:00,42158.83
2022-01-08 10:00:00,42193.49
2022-01-08 11:00:00,41971.17
2022-01-08 12:00:00,42036.52
2022-01-08 13:00:00,42019.6
2022-01-08 14:00:00,42001.24
2022-01-08 15:00:00,41797.15
2022-01-08 16:00:00,41734.88
2022-01-08 17:00:00,41398.68
2022-01-08 18:00:00,41298.75
2022-01-08 19:00:00,41062.23
2022-01-08 20:00:00,41161.37
2022-01-08 21:00:00,42040.93
2022-01-08 22:00:00,42306.77
2022-01-08 23:00:00,41949.05
2022-01-09 00:00:00,41825.4
2022-01-09 01:00:00,41922.27
2022-01-09 02:00:00,42179.55
2022-01-09 03:00:00,42119.35
2022-01-09 04:00:00,42103.15
2022-01-09 05:00:00,42096.66
2022-01-09 06:00:00,41946.94
2022-01-09 07:00:00,41909.71
2022-01-09 08:00:00,41933.68
2022-01-09 09:00:00,41766.13
2022-01-09 10:00:00,41716.92
2022-01-09 11:00:00,41976.52
2022-01-09 12:00:00,41924.97
2022-01-09 13:00:00,41892.91
2022-01-09 14:00:00,41738.7
2022-01-09 15:00:00,41681.54
2022-01-09 16:00:00,42146.65
2022-01-09 17:00:00,42212.75
2022-01-09 18:00:00,42270.04
2022-01-09 19:00:00,42742.78
2022-01-09 20:00:00,42800.66
2022-01-09 21:00:00,42540.39
2022-01-09 22:00:00,42491.31
2022-01-09 23:00:00,42283.49
2022-01-10 00:00:00,42035.38
2022-01-10 01:00:00,41848.18
2022-01-10 02:00:00,42010.44
2022-01-10 03:00:00,42002.01
2022-01-10 04:00:00,42251.07
2022-01-10 05:00:00,42237.55
2022-01-10 06:00:00,42045.67
2022-01-10 07:00:00,42157.95
2022-01-10 08:00:00,42118.57
2022-01-10 09:00:00,41936.14
2022-01-10 10:00:00,41985.33
2022-01-10 11:00:00,41804.64
2022-01-10 12:00:00,41606.62
2022-01-10 13:00:00,41063.14
2022-01-10 14:00:00,41217.45
2022-01-10 15:00:00,41208.92
2022-01-10 16:00:00,41962.77
2022-01-10 17:00:00,42111.09
2022-01-10 18:00:00,41736.13
2022-01-10 19:00:00,41712.26
2022-01-10 20:00:00,41771.49
2022-01-10 21:00:00,41982.31
2022-01-10 22:00:00,41851.47
2022-01-10 23:00:00,41891.66
2022-01-11 00:00:00,41887.21
2022-01-11 01:00:00,42071.07
2022-01-11 02:00:00,42395.55
2022-01-11 03:00:00,42285.8
2022-01-11 04:00:00,42372.3
2022-01-11 05:00:00,42331.72
2022-01-11 06:00:00,42227.93
2022-01-11 07:00:00,42280.84
2022-01-11 08:00:00,42572.63
2022-01-11 09:00:00,42146.51
2022-01-11 10:00:00,42067.67
2022-01-11 11:00:00,41933.82
2022-01-11 12:00:00,41960.57
2022-01-11 13:00:00,41890.17
2022-01-11 14:00:00,41821.65
2022-01-11 15:00:00,42167.03
2022-01-11 16:00:00,42959.93
2022-01-11 17:00:00,43113.11
2022-01-11 18:00:00,42937.54
2022-01-11 19:00:00,43097.18
2022-01-11 20:00:00,43122.32
2022-01-11 21:00:00,42831.03
2022-01-11 22:00:00,42781.35
2022-01-11 23:00:00,42900.96
2022-01-12 00:00:00,42976.92
2022-01-12 01:00:00,42787.74
2022-01-12 02:00:00,42719.33
2022-01-12 03:00:00,42671.64
2022-01-12 04:00:00,42740.11
2022-01-12 05:00:00,42782.5
2022-01-12 06:00:00,42874.86
2022-01-12 07:00:00,42691.01
2022-01-12 08:00:00,42723.72
2022-01-12 09:00:00,42917.39
2022-01-12 10:00:00,42995.74
2022-01-12 11:00:00,43442.42
2022-01-12 12:00:00,43303.29
2022-01-12 13:00:00,44102.6
2022-01-12 14:00:00,43982.42
2022-01-12 15:00:00,43956.5
2022-01-12 16:00:00,43697.19
2022-01-12 17:00:00,43889.92
2022-01-12 18:00:00,43910.65
2022-01-12 19:00:00,43776.94
2022-01-12 20:00:00,44011.63
2022-01-12 21:00:00,44293.83
2022-01-12 22:00:00,43955.99
2022-01-12 23:00:00,44040.52
2022-01-13 00:00:00,44062.13
2022-01-13 01:00:00,43822.0
2022-01-13 02:00:00,43697.02
2022-01-13 03:00:00,43653.13
2022-01-13 04:00:00,43731.93
2022-01-13 05:00:00,43773.19
2022-01-13 06:00:00,43811.35
2022-01-13 07:00:00,43787.63
2022-01-13 08:00:00,43924.6
2022-01-13 09:00:00,44009.79
2022-01-13 10:00:00,44037.05
2022-01-13 11:00:00,43850.08
2022-01-13 12:00:00,43829.74
2022-01-13 13:00:00,43953.21
2022-01-13 14:00:00,44442.67
2022-01-13 15:00:00,44224.47
2022-01-13 16:00:00,43478.5
2022-01-13 17:00:00,43275.36
2022-01-13 18:00:00,42971.69
2022-01-13 19:00:00,42902.87
2022-01-13 20:00:00,42746.8
2022-01-13 21:00:00,42905.79
2022-01-13 22:00:00,42917.56
2022-01-13 23:00:00,42728.75
2022-01-14 00:00:00,42796.48
2022-01-14 01:00:00,42794.08
2022-01-14 02:00:00,42753.45
2022-01-14 03:00:00,42765.23
2022-01-14 04:00:00,42861.04
2022-01-14 05:00:00,42921.52
2022-01-14 06:00:00,42984.74
2022-01-14 07:00:00,42904.16
2022-01-14 08:00:00,42683.62
2022-01-14 09:00:00,42702.77
2022-01-14 10:00:00,42632.73
2022-01-14 11:00:00,42101.2
2022-01-14 12:00:00,42245.71
2022-01-14 13:00:00,42334.18
2022-01-14 14:00:00,43107.99
2022-01-14 15:00:00,43330.39
2022-01-14 16:00:00,43231.57
2022-01-14 17:00:00,43275.35
2022-01-14 18:00:00,43118.73
2022-01-14 19:00:00,43404.91
2022-01-14 20:00:00,43204.14
2022-01-14 21:00:00,43467.05
2022-01-14 22:00:00,43419.63
2022-01-14 23:00:00,43305.34
2022-01-15 00:00:00,43189.37
2022-01-15 01:00:00,43174.35
2022-01-15 02:00:00,43115.23
2022-01-15 03:00:00,43143.54
2022-01-15 04:00:00,42973.53
2022-01-15 05:00:00,43068.69
2022-01-15 06:00:00,43120.18
2022-01-15 07:00:00,43110.35
2022-01-15 08:00:00,43130.43
2022-01-15 09:00:00,43100.83
2022-01-15 10:00:00,43300.52
2022-01-15 11:00:00,43129.82
2022-01-15 12:00:00,43051.14
2022-01-15 13:00:00,42988.47
2022-01-15 14:00:00,43326.04
2022-01-15 15:00:00,43427.26
2022-01-15 16:00:00,43443.98
2022-01-15 17:00:00,43562.44
2022-01-15 18:00:00,43408.65
2022-01-15 19:00:00,43571.45
2022-01-15 20:00:00,43811.94
2022-01-15 21:00:00,43534.94
2022-01-15 22:00:00,43412.98
2022-01-15 23:00:00,43396.21
2022-01-16 00:00:00,43120.01
2022-01-16 01:00:00,43168.17
2022-01-16 02:00:00,43101.71
2022-01-16 03:00:00,43066.09
2022-01-16 04:00:00,43093.29
2022-01-16 05:00:00,43147.88
2022-01-16 06:00:00,43243.6
2022-01-16 07:00:00,43278.91
2022-01-16 08:00:00,43323.95
2022-01-16 09:00:00,43145.57
2022-01-16 10:00:00,43201.43
2022-01-16 11:00:00,43049.19
2022-01-16 12:00:00,43159.15
2022-01-16 13:00:00,43191.49
2022-01-16 14:00:00,43444.81
2022-01-16 15:00:00,43378.53
2022-01-16 16:00:00,43484.21
2022-01-16 17:00:00,43454.73
2022-01-16 18:00:00,43154.04
2022-01-16 19:00:00,43097.8
2022-01-16 20:00:00,43128.4
2022-01-16 21:00:00,43114.44
2022-01-16 22:00:00,43258.47
2022-01-16 23:00:00,43285.98
2022-01-17 00:00:00,43198.05
2022-01-17 01:00:00,42961.17
2022-01-17 02:00:00,42966.26
2022-01-17 03:00:00,43003.63
2022-01-17 04:00:00,42810.3
2022-01-17 05:00:00,42696.44
2022-01-17 06:00:00,42883.08
2022-01-17 07:00:00,42975.0
2022-01-17 08:00:00,42885.21
2022-01-17 09:00:00,42925.73
2022-01-17 10:00:00,42918.41
2022-01-17 11:00:00,42851.8
2022-01-17 12:00:00,42796.51
2022-01-17 13:00:00,42682.02
2022-01-17 14:00:00,42744.7
2022-01-17 15:00:00,42699.26
2022-01-17 16:00:00,42544.13
2022-01-17 17:00:00,42262.9
2022-01-17 18:00:00,42208.0
2022-01-17 19:00:00,42337.48
2022-01-17 20:00:00,42325.13
2022-01-17 21:00:00,42156.89
2022-01-17 22:00:00,42396.41
2022-01-17 23:00:00,42279.2
2022-01-18 00:00:00,42423.23
2022-01-18 01:00:00,42446.2
2022-01-18 02:00:00,42327.12
2022-01-18 03:00:00,42320.23
2022-01-18 04:00:00,42122.68
2022-01-18 05:00:00,42206.61
2022-01-18 06:00:00,42352.97
2022-01-18 07:00:00,42279.59
2022-01-18 08:00:00,42072.5
2022-01-18 09:00:00,42004.04
2022-01-18 10:00:00,42071.85
2022-01-18 11:00:00,41956.09
2022-01-18 12:00:00,41961.61
2022-01-18 13:00:00,41841.89
2022-01-18 14:00:00,41695.86
2022-01-18 15:00:00,41844.27
2022-01-18 16:00:00,41792.07
2022-01-18 17:00:00,41740.93
2022-01-18 18:00:00,41673.67
2022-01-18 19:00:00,41788.76
2022-01-18 20:00:00,41789.51
2022-01-18 21:00:00,42493.62
2022-01-18 22:00:00,42682.77
2022-01-18 23:00:00,42585.9
2022-01-19 00:00:00,42493.04
2022-01-19 01:00:00,42473.48
2022-01-19 02:00:00,42522.17
2022-01-19 03:00:00,42349.79
2022-01-19 04:00:00,41810.85
2022-01-19 05:00:00,41818.8
2022-01-19 06:00:00,41860.73
2022-01-19 07:00:00,41729.95
2022-01-19 08:00:00,41410.49
2022-01-19 09:00:00,41684.87
2022-01-19 10:00:00,41629.44
2022-01-19 11:00:00,42170.7
2022-01-19 12:00:00,42254.11
2022-01-19 13:00:00,42345.19
2022-01-19 14:00:00,42575.28
2022-01-19 15:00:00,42539.29
2022-01-19 16:00:00,42067.87
2022-01-19 17:00:00,42360.31
2022-01-19 18:00:00,42257.13
2022-01-19 19:00:00,42043.91
2022-01-19 20:00:00,41975.55
2022-01-19 21:00:00,41833.21
2022-01-19 22:00:00,42001.41
2022-01-19 23:00:00,41996.78
2022-01-20 00:00:00,41876.92
2022-01-20 01:00:00,41892.6
2022-01-20 02:00:00,42072.49
2022-01-20 03:00:00,42086.27
2022-01-20 04:00:00,42001.96
2022-01-20 05:00:00,41958.53
2022-01-20 06:00:00,42066.0
2022-01-20 07:00:00,42151.63
2022-01-20 08:00:00,42089.84
2022-01-20 09:00:00,42104.26
2022-01-20 10:00:00,42167.04
2022-01-20 11:00:00,42239.76
2022-01-20 12:00:00,42151.35
2022-01-20 13:00:00,42488.11
2022-01-20 14:00:00,43085.03
2022-01-20 15:00:00,43468.22
2022-01-20 16:00:00,43513.14
2022-01-20 17:00:00,43316.21
2022-01-20 18:00:00,43096.94
2022-01-20 19:00:00,43193.83
2022-01-20 20:00:00,42990.05
2022-01-20 21:00:00,42733.59
2022-01-20 22:00:00,41546.5
2022-01-20 23:00:00,41169.66
2022-01-21 00:00:00,41116.66
2022-01-21 01:00:00,40934.8
2022-01-21 02:00:00,40250.81
2022-01-21 03:00:00,39939.91
2022-01-21 04:00:00,39069.98
2022-01-21 05:00:00,39006.57
2022-01-21 06:00:00,38946.35
2022-01-21 07:00:00,39173.58
2022-01-21 08:00:00,39294.17
2022-01-21 09:00:00,39191.28
2022-01-21 10:00:00,39090.91
2022-01-21 11:00:00,38986.5
2022-01-21 12:00:00,38931.07
2022-01-21 13:00:00,38729.88
2022-01-21 14:00:00,38882.1
2022-01-21 15:00:00,39040.9
2022-01-21 16:00:00,39053.23
2022-01-21 17:00:00,38752.75
2022-01-21 18:00:00,38627.56
2022-01-21 19:00:00,38510.77
2022-01-21 20:00:00,38428.99
2022-01-21 21:00:00,38454.88
2022-01-21 22:00:00,37146.39
2022-01-21 23:00:00,36818.14
2022-01-22 00:00:00,36811.86
2022-01-22 01:00:00,36624.4
2022-01-22 02:00:00,36569.48
2022-01-22 03:00:00,36694.32
2022-01-22 04:00:00,36437.02
2022-01-22 05:00:00,36353.49
2022-01-22 06:00:00,35979.51
2022-01-22 07:00:00,35895.08
2022-01-22 08:00:00,35813.95
2022-01-22 09:00:00,35735.72
2022-01-22 10:00:00,35983.74
2022-01-22 11:00:00,35666.45
2022-01-22 12:00:00,35882.76
2022-01-22 13:00:00,36179.19
2022-01-22 14:00:00,35664.85
2022-01-22 15:00:00,35314.93
2022-01-22 16:00:00,35490.78
2022-01-22 17:00:00,35196.61
2022-01-22 18:00:00,34762.95
2022-01-22 19:00:00,34846.47
2022-01-22 20:00:00,35479.34
2022-01-22 21:00:00,35681.07
2022-01-22 22:00:00,35413.83
2022-01-22 23:00:00,35120.93
2022-01-23 00:00:00,35457.06
2022-01-23 01:00:00,35539.91
2022-01-23 02:00:00,35370.85
2022-01-23 03:00:00,35114.0
2022-01-23 04:00:00,35302.52
2022-01-23 05:00:00,35553.27
2022-01-23 06:00:00,35548.38
2022-01-23 07:00:00,35776.08
2022-01-23 08:00:00,35908.52
2022-01-23 09:00:00,36156.7
2022-01-23 10:00:00,35939.73
2022-01-23 11:00:00,35934.44
2022-01-23 12:00:00,35852.29
2022-01-23 13:00:00,36057.45
2022-01-23 14:00:00,36089.59
2022-01-23 15:00:00,35381.7
2022-01-23 16:00:00,35450.14
2022-01-23 17:00:00,35464.15
2022-01-23 18:00:00,35423.54
2022-01-23 19:00:00,35219.99
2022-01-23 20:00:00,35391.25
2022-01-23 21:00:00,35584.41
2022-01-23 22:00:00,35557.41
2022-01-23 23:00:00,36539.19
2022-01-24 00:00:00,36288.15
2022-01-24 01:00:00,36065.53
2022-01-24 02:00:00,35736.23
2022-01-24 03:00:00,35427.45
2022-01-24 04:00:00,35496.96
2022-01-24 05:00:00,35263.03
2022-01-24 06:00:00,35371.14
2022-01-24 07:00:00,35329.87
2022-01-24 08:00:00,35551.57
2022-01-24 09:00:00,35091.06
2022-01-24 10:00:00,34589.44
2022-01-24 11:00:00,34169.3
2022-01-24 12:00:00,33803.66
2022-01-24 13:00:00,33778.3
2022-01-24 14:00:00,34128.63
2022-01-24 15:00:00,34365.76
2022-01-24 16:00:00,34588.28
2022-01-24 17:00:00,35554.61
2022-01-24 18:00:00,36453.83
2022-01-24 19:00:00,36348.79
2022-01-24 20:00:00,37469.19
2022-01-24 21:00:00,37256.78
2022-01-24 22:00:00,36853.6
2022-01-24 23:00:00,36787.53
2022-01-25 00:00:00,36711.23
2022-01-25 01:00:00,36185.55
2022-01-25 02:00:00,36359.61
2022-01-25 03:00:00,36478.62
2022-01-25 04:00:00,36514.04
2022-01-25 05:00:00,36120.12
2022-01-25 06:00:00,36135.78
2022-01-25 07:00:00,36124.5
2022-01-25 08:00:00,36543.8
2022-01-25 09:00:00,36537.74
2022-01-25 10:00:00,36802.41
2022-01-25 11:00:00,36629.12
2022-01-25 12:00:00,36784.19
2022-01-25 13:00:00,36605.65
2022-01-25 14:00:00,37171.32
2022-01-25 15:00:00,36786.35
2022-01-25 16:00:00,37094.2
2022-01-25 17:00:00,37490.87
2022-01-25 18:00:00,37555.35
2022-01-25 19:00:00,37446.38
2022-01-25 20:00:00,37120.76
2022-01-25 21:00:00,36924.82
2022-01-25 22:00:00,36812.88
2022-01-25 23:00:00,37069.29
2022-01-26 00:00:00,37015.09
2022-01-26 01:00:00,36935.83
2022-01-26 02:00:00,37068.68
2022-01-26 03:00:00,37525.71
2022-01-26 04:00:00,37862.36
2022-01-26 05:00:00,37988.93
2022-01-26 06:00:00,37802.5
2022-01-26 07:00:00,37404.18
2022-01-26 08:00:00,37702.43
2022-01-26 09:00:00,37991.58
2022-01-26 10:00:00,38164.87
2022-01-26 11:00:00,38254.75
2022-01-26 12:00:00,38117.2
2022-01-26 13:00:00,38283.86
2022-01-26 14:00:00,38519.21
2022-01-26 15:00:00,38375.89
2022-01-26 16:00:00,38324.28
2022-01-26 17:00:00,38389.71
2022-01-26 18:00:00,38265.66
2022-01-26 19:00:00,38930.36
2022-01-26 20:00:00,37600.41
2022-01-26 21:00:00,37193.83
2022-01-26 22:00:00,36594.56
2022-01-26 23:00:00,36919.35
2022-01-27 00:00:00,37106.19
2022-01-27 01:00:00,37037.91
2022-01-27 02:00:00,36049.87
2022-01-27 03:00:00,36248.13
2022-01-27 04:00:00,36008.75
2022-01-27 05:00:00,36124.29
2022-01-27 06:00:00,36189.31
2022-01-27 07:00:00,36315.56
2022-01-27 08:00:00,36510.2
2022-01-27 09:00:00,36640.22
2022-01-27 10:00:00,36681.31
2022-01-27 11:00:00,36817.09
2022-01-27 12:00:00,36803.52
2022-01-27 13:00:00,36875.62
2022-01-27 14:00:00,37215.53
2022-01-27 15:00:00,37056.58
2022-01-27 16:00:00,36787.28
2022-01-27 17:00:00,36605.06
2022-01-27 18:00:00,36346.95
2022-01-27 19:00:00,36337.8
2022-01-27 20:00:00,36433.65
2022-01-27 21:00:00,36314.02
2022-01-27 22:00:00,36978.57
2022-01-27 23:00:00,37242.79
2022-01-28 00:00:00,37479.57
2022-01-28 01:00:00,37226.36
2022-01-28 02:00:00,36993.32
2022-01-28 03:00:00,37462.29
2022-01-28 04:00:00,37462.72
2022-01-28 05:00:00,37346.6
2022-01-28 06:00:00,37517.37
2022-01-28 07:00:00,37125.71
2022-01-28 08:00:00,36889.69
2022-01-28 09:00:00,36861.48
2022-01-28 10:00:00,36692.15
2022-01-28 11:00:00,36665.37
2022-01-28 12:00:00,36586.88
2022-01-28 13:00:00,36989.81
2022-01-28 14:00:00,37101.22
2022-01-28 15:00:00,37342.47
2022-01-28 16:00:00,37385.59
2022-01-28 17:00:00,37191.85
2022-01-28 18:00:00,37130.73
2022-01-28 19:00:00,37254.0
2022-01-28 20:00:00,37869.29
2022-01-28 21:00:00,38021.06
2022-01-28 22:00:00,37954.88
2022-01-28 23:00:00,37859.33
2022-01-29 00:00:00,38001.08
2022-01-29 01:00:00,37916.53
2022-01-29 02:00:00,37652.05
2022-01-29 03:00:00,37764.16
2022-01-29 04:00:00,37941.42
2022-01-29 05:00:00,37856.8
2022-01-29 06:00:00,37857.39
2022-01-29 07:00:00,37939.36
2022-01-29 08:00:00,37940.08
2022-01-29 09:00:00,37820.49
2022-01-29 10:00:00,37827.16
2022-01-29 11:00:00,37809.45
2022-01-29 12:00:00,37922.94
2022-01-29 13:00:00,38204.98
2022-01-29 14:00:00,38223.29
2022-01-29 15:00:00,37748.71
2022-01-29 16:00:00,37614.52
2022-01-29 17:00:00,37743.89
2022-01-29 18:00:00,37917.09
2022-01-29 19:00:00,37978.02
2022-01-29 20:00:00,38660.33
2022-01-29 21:00:00,38728.29
2022-01-29 22:00:00,38425.6
2022-01-29 23:00:00,38205.31
2022-01-30 00:00:00,38291.87
2022-01-30 01:00:00,38004.04
2022-01-30 02:00:00,38082.15
2022-01-30 03:00:00,38074.0
2022-01-30 04:00:00,38188.11
2022-01-30 05:00:00,38315.22
2022-01-30 06:00:00,38169.16
2022-01-30 07:00:00,38292.24
2022-01-30 08:00:00,38364.51
2022-01-30 09:00:00,38095.98
2022-01-30 10:00:00,38206.92
2022-01-30 11:00:00,38278.1
2022-01-30 12:00:00,38157.68
2022-01-30 13:00:00,38017.85
2022-01-30 14:00:00,38021.26
2022-01-30 15:00:00,38046.37
2022-01-30 16:00:00,38072.4
2022-01-30 17:00:00,38015.98
2022-01-30 18:00:00,38040.53
2022-01-30 19:00:00,37845.02
2022-01-30 20:00:00,37755.64
2022-01-30 21:00:00,37787.58
2022-01-30 22:00:00,37866.2
2022-01-30 23:00:00,38253.81
2022-01-31 00:00:00,37955.83
2022-01-31 01:00:00,36980.02
2022-01-31 02:00:00,37023.52
2022-01-31 03:00:00,37073.24
2022-01-31 04:00:00,37050.08
2022-01-31 05:00:00,37041.62
2022-01-31 06:00:00,37092.86
2022-01-31 07:00:00,37215.17
2022-01-31 08:00:00,37239.73
2022-01-31 09:00:00,37267.92
2022-01-31 10:00:00,37357.0
2022-01-31 11:00:00,37355.52
2022-01-31 12:00:00,37419.24
2022-01-31 13:00:00,37378.11
2022-01-31 14:00:00,37537.51
2022-01-31 15:00:00,37911.21
2022-01-31 16:00:00,38420.21
2022-01-31 17:00:00,38627.35
2022-01-31 18:00:00,38618.38
2022-01-31 19:00:00,38769.81
2022-01-31 20:00:00,38590.88
2022-01-31 21:00:00,38603.71
2022-01-31 22:00:00,38750.82
2022-01-31 23:00:00,38539.65
2022-02-01 00:00:00,38649.48
2022-02-01 01:00:00,38421.98
2022-02-01 02:00:00,38525.31
2022-02-01 03:00:00,38684.7
2022-02-01 04:00:00,38673.83
2022-02-01 05:00:00,38635.62
2022-02-01 06:00:00,38498.86
2022-02-01 07:00:00,38481.95
2022-02-01 08:00:00,38626.16
2022-02-01 09:00:00,39105.34
2022-02-01 10:00:00,38376.36
2022-02-01 11:00:00,38497.08
2022-02-01 12:00:00,38791.77
2022-02-01 13:00:00,38990.81
2022-02-01 14:00:00,39061.81
2022-02-01 15:00:00,38664.34
2022-02-01 16:00:00,39281.06
2022-02-01 17:00:00,39198.72
2022-02-01 18:00:00,38915.83
2022-02-01 19:00:00,38600.55
2022-02-01 20:00:00,38755.59
2022-02-01 21:00:00,38844.97
2022-02-01 22:00:00,38868.59
2022-02-01 23:00:00,38911.23
2022-02-02 00:00:00,38883.19
2022-02-02 01:00:00,38689.12
2022-02-02 02:00:00,38693.88
2022-02-02 03:00:00,38773.97
2022-02-02 04:00:00,38582.46
2022-02-02 05:00:00,38528.18
2022-02-02 06:00:00,38547.89
2022-02-02 07:00:00,38407.73
2022-02-02 08:00:00,38483.64
2022-02-02 09:00:00,38570.71
2022-02-02 10:00:00,38615.82
2022-02-02 11:00:00,38599.33
2022-02-02 12:00:00,38760.33
2022-02-02 13:00:00,38780.9
2022-02-02 14:00:00,38443.31
2022-02-02 15:00:00,37821.05
2022-02-02 16:00:00,37449.29
2022-02-02 17:00:00,37560.02
2022-02-02 18:00:00,37550.27
2022-02-02 19:00:00,37681.79
2022-02-02 20:00:00,37682.89
2022-02-02 21:00:00,37629.2
2022-02-02 22:00:00,37228.31
2022-02-02 23:00:00,37157.44
2022-02-03 00:00:00,37063.38
2022-02-03 01:00:00,37016.98
2022-02-03 02:00:00,36984.6
2022-02-03 03:00:00,36985.9
2022-02-03 04:00:00,36978.51
2022-02-03 05:00:00,37095.63
2022-02-03 06:00:00,37032.62
2022-02-03 07:00:00,37117.05
2022-02-03 08:00:00,37128.01
2022-02-03 09:00:00,37111.44
2022-02-03 10:00:00,36684.24
2022-02-03 11:00:00,36809.41
2022-02-03 12:00:00,36808.95
2022-02-03 13:00:00,36785.44
2022-02-03 14:00:00,36784.61
2022-02-03 15:00:00,36993.27
2022-02-03 16:00:00,37115.06
2022-02-03 17:00:00,36900.95
2022-02-03 18:00:00,36869.8
2022-02-03 19:00:00,36852.42
2022-02-03 20:00:00,36647.74
2022-02-03 21:00:00,37060.36
2022-02-03 22:00:00,37016.4
2022-02-03 23:00:00,37411.52
2022-02-04 00:00:00,37346.84
2022-02-04 01:00:00,37237.63
2022-02-04 02:00:00,37459.16
2022-02-04 03:00:00,37442.78
2022-02-04 04:00:00,37385.08
2022-02-04 05:00:00,37710.0
2022-02-04 06:00:00,38046.1
2022-02-04 07:00:00,38230.55
2022-02-04 08:00:00,38062.26
2022-02-04 09:00:00,38162.4
2022-02-04 10:00:00,38241.76
2022-02-04 11:00:00,37990.94
2022-02-04 12:00:00,38067.18
2022-02-04 13:00:00,38222.92
2022-02-04 14:00:00,38041.79
2022-02-04 15:00:00,39829.35
2022-02-04 16:00:00,40569.8
2022-02-04 17:00:00,40577.67
2022-02-04 18:00:00,40686.32
2022-02-04 19:00:00,40887.5
2022-02-04 20:00:00,40920.53
2022-02-04 21:00:00,40653.19
2022-02-04 22:00:00,40687.53
2022-02-04 23:00:00,41737.83
2022-02-05 00:00:00,41954.24
2022-02-05 01:00:00,41571.93
2022-02-05 02:00:00,41474.99
2022-02-05 03:00:00,41497.02
2022-02-05 04:00:00,41713.6
2022-02-05 05:00:00,41688.28
2022-02-05 06:00:00,41761.26
2022-02-05 07:00:00,41530.22
2022-02-05 08:00:00,41616.86
2022-02-05 09:00:00,41583.46
2022-02-05 10:00:00,41687.58
2022-02-05 11:00:00,41654.94
2022-02-05 12:00:00,41536.71
2022-02-05 13:00:00,41575.11
2022-02-05 14:00:00,41546.92
